<?xml version="1.0" encoding="UTF-8" ?>
<!DOCTYPE configuration
        PUBLIC "-//mybatis.org//DTD Config 3.0//EN"
        "http://mybatis.org/dtd/mybatis-3-config.dtd">
<!--编写全局配置文件(主要是配置数据源信息)-->
<configuration>
    <properties resource="mysql.properties"></properties>
    <!--    配置别名-->
    <!--<settings>
        <setting name="logImpl" value="STDOUT_LOGGING"/>
    </settings>-->
    <typeAliases>
        <typeAlias type="com.pojo.User" alias="User"></typeAlias>
        <typeAlias type="com.pojo.Goods" alias="Goods"></typeAlias>
    </typeAliases>
    <environments default="development">
        <environment id="development">
            <!-- type="JDBC" 代表使用JDBC的提交和回滚来管理事务 -->
            <transactionManager type="JDBC"/>
            <!-- mybatis提供了3种数据源类型，分别是：POOLED,UNPOOLED,JNDI -->
            <!-- POOLED 表示支持JDBC数据源连接池 -->
            <!-- UNPOOLED 表示不支持数据源连接池 -->
            <!-- JNDI 表示支持外部数据源连接池 -->
            <dataSource type="POOLED">
                <property name="driver" value="${driver}"/>
                <property name="url" value="${databaseurl}"/>
                <property name="username" value="${username}"/>
                <property name="password" value="${password}"/>
            </dataSource>
        </environment>
    </environments>

    <mappers>
        <!-- 映射文件方式1，一个一个的配置-->
        <!--        <mapper resource="mapper/EmpMapper.xml"/>-->
        <!-- 映射文件方式2，自动扫描包内的Mapper接口与配置文件 -->
        <mapper resource="com/dao/UserMapper.xml"/>
        <mapper resource="com/dao/GoodsMapper.xml"/>
    </mappers>
</configuration>