<?xml version="1.0" encoding="UTF-8" ?>
<!DOCTYPE mapper
        PUBLIC "-//mybatis.org//DTD Mapper 3.0//EN"
        "http://mybatis.org/dtd/mybatis-3-mapper.dtd">
<!--编写mapper映射文件(编写SQL)-->
<mapper namespace="com.dao.GoodsMapper">
    <select id="getGoodsList" resultType="Goods">
        select * from goods
    </select>

    <insert id="addGoods" parameterType="Goods">
        INSERT INTO goods (gname,gprice,ghome,gimg) VALUES (#{gname},#{gprice},#{ghome},#{gimg})
    </insert>

    <update id="upDateGoods" parameterType="map">
        update goods set gname=#{gname},gprice=#{gprice},ghome=#{ghome},gimg=#{gimg} where gid=#{gid}
    </update>

    <delete id="delGoods" parameterType="String">
        delete from goods where gid=#{gid}
    </delete>

    <select id="countGoods" parameterType="String" resultType="int">
        SELECT COUNT(gid) FROM goods;
    </select>

    <select id="pageGoods" resultType="Goods">
        SELECT * FROM goods LIMIT ${start} , ${Pagesize};
    </select>
</mapper>