<?xml version="1.0" encoding="UTF-8" ?>
<!DOCTYPE mapper
        PUBLIC "-//mybatis.org//DTD Mapper 3.0//EN"
        "http://mybatis.org/dtd/mybatis-3-mapper.dtd">
<!--编写mapper映射文件(编写SQL)-->
<mapper namespace="com.dao.UserMapper">
    <select id="findUser" parameterType="String" resultType="boolean">
        select count(username) from user where username=#{username} limit 1
    </select>

    <select id="getUser"  parameterType="map" resultType="User">
        select * from user where username =#{username} and password=#{password}
    </select>

    <insert id="addUser" parameterType="com.pojo.User">
        INSERT INTO user (username,password,email) VALUES (#{username},#{password},#{email})
    </insert>

    <update id="upDateUser" parameterType="map">
        update user set username=#{username},password=#{password},email=#{email} where id=#{id}
    </update>

    <delete id="delUser" parameterType="String">
        delete from user where id=#{id}
    </delete>

    <select id="countUser" parameterType="String" resultType="int">
        SELECT COUNT(id) FROM user;
    </select>
    
    <select id="pageUser" resultType="User">
        SELECT * FROM user LIMIT ${start} , ${Pagesize};
    </select>

    <select id="listByUser" resultType="User">
        SELECT * from user where username like concat('%',#{username},'%')
    </select>
</mapper>